{"train_loss":0.07665570894628763,"val_loss":0.17012974035814496,"_wandb":{"runtime":83},"learning_rate":0,"_timestamp":1.7606047144209874e+09,"_runtime":83.118419156,"_step":14,"epoch":15}