{"epoch":5,"train_loss":0.08534280287288129,"val_loss":0.1469386272782732,"_wandb":{"runtime":28},"learning_rate":0.000125,"_timestamp":1.760602779053169e+09,"_runtime":28.418657567,"_step":4}