{"_timestamp":1.7606031010574195e+09,"_runtime":79.903608963,"_wandb":{"runtime":79},"_step":14,"epoch":15,"train_loss":0.07499223995720967,"val_loss":0.1487793592882804,"learning_rate":0.0005}