{"val_loss":0.13851035142492368,"learning_rate":0,"_timestamp":1.7606060311805441e+09,"_wandb":{"runtime":154},"_runtime":153.987430696,"_step":14,"epoch":15,"train_loss":0.08047610321827232}