{"epoch":15,"train_loss":0.07141105283445799,"val_loss":0.14140423299190966,"learning_rate":0,"_timestamp":1.7606147342993922e+09,"_wandb":{"runtime":675},"_runtime":675.331269357,"_step":14}