{"val_accuracy":0.8458254337310791,"_timestamp":1.7608157376723342e+09,"train_loss":1.170887753367424,"learning_rate":9.73193125842975e-07,"_wandb":{"runtime":797},"epoch":150,"_runtime":797.731273557,"gamma":0.25,"val_loss":0.732912253588438,"adversary_loss":0.11784685196148025,"_step":149,"combined_loss":1.2887346053289042}