{"epoch":15,"train_loss":0.08589147059526295,"val_loss":0.13762493900587142,"learning_rate":0,"_timestamp":1.7606052714290488e+09,"_runtime":82.795947851,"_step":14,"_wandb":{"runtime":82}}