{"_runtime":1068.477106242,"adversary_val_loss":0.10551075388987859,"epoch":150,"train_loss":0.21899750290645492,"is_in_warmup":0,"gamma":0,"val_loss":0.34748657916982967,"learning_rate":0,"_wandb":{"runtime":1068},"combined_loss":0.24615924060344696,"val_accuracy":0.8586337566375732,"adversary_loss":0.027161737696992025,"adversary_val_accuracy":0.8665364583333334,"_timestamp":1.7615632359732904e+09,"_step":149}