{"train_loss":0.07323173273168504,"_wandb":{"runtime":81},"val_loss":0.15077047972088112,"learning_rate":3.125e-05,"_timestamp":1.7606029139705186e+09,"_runtime":81.570788516,"_step":14,"epoch":15}