{"_step":14,"epoch":15,"train_loss":0.11914683274456306,"val_loss":0.12862296875137014,"learning_rate":0,"_timestamp":1.7606152863786626e+09,"_wandb":{"runtime":77},"_runtime":77.78851025}