{"epoch":15,"train_loss":0.10691927769360784,"val_loss":0.13514649422354413,"_wandb":{"runtime":56},"learning_rate":0,"_timestamp":1.7606156782706196e+09,"_runtime":56.675815523,"_step":14}