{"combined_loss":0.24209716533207232,"learning_rate":0,"adversary_loss":0.02917786677264505,"_step":149,"_wandb":{"runtime":1069},"gamma":0,"adversary_val_loss":0.10819892399013042,"epoch":150,"val_loss":0.3458840375145276,"val_accuracy":0.8500948548316956,"train_loss":0.21291929855942726,"in_warmup":0,"_runtime":1069.179361867,"adversary_val_accuracy":0.8639322916666666,"_timestamp":1.7615616823050678e+09}