{"adversary_val_loss":1.1142412026723225,"adversary_negative_ratio":0.22673402357420516,"is_in_warmup":0,"gamma":0,"_step":99,"train_loss":0,"_timestamp":1.7618341300059237e+09,"adversary_val_auc":0.5379055058859022,"val_accuracy":0.7998102307319641,"epoch":100,"_wandb":{"runtime":98},"_runtime":98.225974774,"val_loss":0.40250177184740704,"adversary_loss":0.24696120619773865,"learning_rate":0,"combined_loss":0.24696120619773865}