{"_wandb":{"runtime":86},"learning_rate":0,"_timestamp":1.7606049609965184e+09,"_runtime":86.72029133,"_step":14,"epoch":15,"train_loss":0.0910336264334619,"val_loss":0.1357156988162639}