{"learning_rate":0,"adversary_val_loss":0.1762573216110468,"_runtime":106.450277541,"combined_loss":0.01786777190864086,"_timestamp":1.7618348996610174e+09,"train_loss":0,"is_in_warmup":0,"gamma":0,"adversary_val_auc":0.49343988246472187,"_wandb":{"runtime":106},"epoch":100,"val_accuracy":0.7998102307319641,"val_loss":0.40250177184740704,"_step":99,"adversary_loss":0.01786777190864086,"adversary_negative_ratio":0.8797185185185185}