{"_timestamp":1.7606032372193296e+09,"_runtime":82.791638841,"_wandb":{"runtime":82},"_step":14,"epoch":15,"train_loss":0.0718174072559923,"val_loss":0.1646768659344641,"learning_rate":1e-06}