{"val_accuracy":0.839184045791626,"train_loss":0.10224276574121581,"combined_loss":0.8012598918543922,"learning_rate":0,"adversary_val_auc":0.5944002051533527,"_step":149,"adversary_negative_ratio":0.3351524739638571,"val_loss":0.38199970747033757,"gamma":0,"_timestamp":1.761816123421773e+09,"epoch":150,"_wandb":{"runtime":1526},"adversary_loss":0.6990171261131763,"_runtime":1526.319974414,"adversary_val_loss":0.8870338002840678,"is_in_warmup":0}