{"_step":149,"val_loss":1.322905719280243,"train_loss":0.5540136901868714,"batches_per_epoch":36,"gamma":0.25,"_runtime":755.762128299,"epoch":150,"_wandb":{"runtime":755},"learning_rate":0,"val_accuracy":0.839184045791626,"_timestamp":1.760271440498466e+09}