{"_runtime":83.545245398,"_step":14,"_wandb":{"runtime":83},"epoch":15,"train_loss":0.1499991200119257,"val_loss":0.2512966775011971,"learning_rate":3.3506223666826283e-07,"_timestamp":1.7606043155138147e+09}