{"val_accuracy":0.8553131222724915,"val_loss":0.3391224729518096,"learning_rate":0,"combined_loss":0.24150043772533536,"adversary_val_accuracy":0.8704427083333334,"adversary_val_loss":0.10147848973671596,"_runtime":983.224233205,"gamma":0,"_step":299,"train_loss":0.21249058138993052,"_timestamp":1.761553674976595e+09,"in_warmup":false,"adversary_loss":0.029009856335404847,"epoch":150,"_wandb":{"runtime":983}}