{"gamma":0,"train_loss":0.03147401396806041,"epoch":150,"adversary_val_loss":0.11155914266904195,"val_accuracy":0.13472485542297363,"is_in_warmup":0,"val_loss":6.000814278920491,"_runtime":926.017426248,"learning_rate":0,"adversary_val_accuracy":0.8606770833333334,"_wandb":{"runtime":926},"_timestamp":1.7616568653506198e+09,"_step":149,"combined_loss":0.06294802793612082,"adversary_loss":0.03147401396806041}