{"epoch":15,"_wandb":{"runtime":871},"train_loss":0.07533314457366598,"val_loss":0.15703039759093193,"learning_rate":0,"_timestamp":1.7606073887364225e+09,"_runtime":871.705890667,"_step":14}