{"epoch":150,"val_loss":0.34193772698442143,"learning_rate":0,"combined_loss":0.6829999904665682,"_timestamp":1.7614805379615161e+09,"gamma":0,"_wandb":{"runtime":940},"adversary_loss":0.23805545560187763,"train_loss":0.44494453486469054,"adversary_val_loss":0.24040748178958893,"_runtime":940.104884004,"_step":299,"in_warmup":false,"adversary_val_accuracy":0.853515625,"val_accuracy":0.848197340965271}