{"learning_rate":0,"val_loss":0.7524556244413058,"adversary_val_loss":0.11155771215756734,"val_accuracy":0.855787456035614,"train_loss":0.4483966636988852,"combined_loss":0.47740535008617574,"_runtime":986.425188818,"gamma":0,"epoch":150,"adversary_loss":0.029008686387290556,"_wandb":{"runtime":986},"_step":149,"_timestamp":1.7608826535818222e+09}