{"_step":149,"train_loss":1.145591053697798,"epoch":150,"adversary_loss":0.11384633307655652,"_runtime":1093.249100436,"_timestamp":1.7606276902362957e+09,"_wandb":{"runtime":1093},"gamma":0.25,"learning_rate":0,"val_loss":0.7148836568618814,"val_accuracy":0.855787456035614}