{"epoch":15,"train_loss":0.0730489837859121,"val_loss":0.13063704390356987,"_wandb":{"runtime":299},"learning_rate":0,"_timestamp":1.7606172234280918e+09,"_runtime":299.219877156,"_step":14}