{"train_loss":0.081222412802279,"val_loss":0.14073084086794724,"_wandb":{"runtime":82},"learning_rate":0,"_timestamp":1.7606051248445382e+09,"_runtime":82.389480347,"_step":14,"epoch":15}