{"val_loss":0.12372618538339439,"learning_rate":3.019482486511943e-05,"_timestamp":1.7606161112583747e+09,"_runtime":105.595834233,"_wandb":{"runtime":111},"_step":9,"epoch":10,"train_loss":0.07859663558460718}