{"_wandb":{"runtime":154},"_runtime":154.881301282,"gamma":0,"_timestamp":1.7618287087859282e+09,"combined_loss":0.04772479087114334,"adversary_val_loss":0.7581045031547546,"learning_rate":5.555555555555556e-05,"train_loss":0.04772479087114334,"is_in_warmup":0,"epoch":150,"_step":149,"adversary_val_auc":0.43479816696833956,"val_accuracy":0.07922200858592987,"adversary_negative_ratio":0.439290998270271,"adversary_loss":0,"val_loss":3.014357805252075}