{"_runtime":268.096601917,"_step":14,"epoch":15,"_wandb":{"runtime":268},"train_loss":0.0728613413175568,"val_loss":0.16596926712590085,"learning_rate":0,"_timestamp":1.7606138669916646e+09}