{"adversary_val_loss":0.1194914070268472,"train_loss":0.2069076036827432,"_timestamp":1.7617433964289434e+09,"gamma":0,"epoch":150,"learning_rate":0,"val_accuracy":0.830170750617981,"_wandb":{"runtime":1428},"combined_loss":0.23456276249554422,"_step":149,"_runtime":1428.155297917,"adversary_loss":0.027655158812801044,"val_loss":0.4530134213467439,"adversary_val_accuracy":0.84765625,"is_in_warmup":0}