{"learning_rate":0,"_timestamp":1.7606086024882135e+09,"_runtime":1092.306839241,"_wandb":{"runtime":1092},"_step":14,"epoch":15,"train_loss":0.1303574554800954,"val_loss":0.1610309643780484}