{"train_loss":0.08039306252785026,"val_loss":0.14793270046025714,"learning_rate":0,"_timestamp":1.7606055276165037e+09,"_runtime":151.665109045,"_step":14,"_wandb":{"runtime":151},"epoch":15}